userID,username,text,date
qctj-g53k,Law,Innovative radical data-warehouse,2020-09-24
frlm-emay,Kermit,Managed even-keeled productivity,2020-07-23
xduo-hex1,Bel,Self-enabling holistic time-frame,2020-12-13
0bdn-ayh0,Elly,Devolved neutral moratorium,2020-11-06
gi0x-rhwv,Lek,User-centric cohesive matrices,2021-06-25
0bln-jsdy,Benjy,Reverse-engineered impactful extranet,2020-10-01
pucy-t4qi,Eduino,Face to face eco-centric projection,2021-06-16
gtir-xttx,Skylar,Down-sized neutral function,2021-03-11
8spq-blu8,Clementius,Stand-alone disintermediate portal,2021-04-11
5nyk-bfrq,Abbey,Face to face neutral system engine,2020-11-05
lo0y-ux6v,Genni,Balanced local success,2021-06-10
uae6-8512,Hale,Versatile content-based model,2020-10-26
xnim-6wdi,Adriena,Adaptive directional data-warehouse,2021-06-08
qdcl-ub0t,Lena,Persevering multimedia circuit,2021-06-28
wqxw-sz7v,Hardy,Secured tangible time-frame,2020-10-10
tva8-wmhw,Lyn,User-friendly 24 hour middleware,2021-05-21
5ddi-4so9,Warner,Enhanced context-sensitive projection,2021-01-13
qhdv-7jr0,Hamil,Self-enabling modular knowledge base,2021-03-05
yk6m-zpic,Zollie,Face to face transitional capacity,2021-05-08
ggu9-r46r,Gertruda,Persistent background flexibility,2021-07-08
1d8g-wk0a,Vida,De-engineered regional local area network,2021-04-06
xy0g-7eia,Jenine,Front-line human-resource time-frame,2021-07-07
eqqb-r0f0,Gayelord,Profit-focused fresh-thinking middleware,2021-07-04
i8w3-wbf3,Zahara,Ameliorated homogeneous methodology,2021-01-25
ywkm-k3t7,Paolo,Reactive scalable info-mediaries,2020-10-11
0ult-qxsf,Berna,Synergized incremental process improvement,2021-04-25
xsce-wyac,Odella,Robust solution-oriented structure,2020-10-03
jpyi-pwf3,Eddy,Advanced global leverage,2020-12-11
6wv7-p2j1,Almeda,Re-engineered fresh-thinking strategy,2020-07-27
z2tt-bfjc,Edik,Phased bifurcated workforce,2021-01-30
py5f-g8fj,Kristi,User-friendly incremental software,2021-07-02
hcn1-z2zs,Chucho,Digitized well-modulated data-warehouse,2021-03-07
btxu-bvz4,Maureene,Right-sized cohesive extranet,2020-09-30
xn7c-7hxo,Jackelyn,Synergistic static paradigm,2020-07-23
hjzq-4cuj,Gothart,Optional bifurcated task-force,2020-10-17
keza-j8qu,Sarita,Quality-focused zero tolerance process improvement,2020-08-19
r4qe-hykm,Allin,Sharable encompassing internet solution,2020-08-22
0o9p-0wgj,Tamar,Up-sized hybrid migration,2020-11-06
xwl9-vama,Shalom,Robust local service-desk,2020-11-17
9rgb-er2a,Eva,Persistent homogeneous capability,2020-10-16
dbod-er7n,Shandeigh,Networked static flexibility,2021-04-26
ciip-lehv,Giffer,Grass-roots local internet solution,2020-12-20
w79t-mtgs,Neron,Advanced secondary flexibility,2021-06-27
sfd6-hqwc,Yehudi,Monitored client-server structure,2020-12-06
ctdl-9z5a,Kirsti,Up-sized client-driven capacity,2020-07-27
885l-e4fy,Kipper,Profound dynamic standardization,2021-07-20
3t6l-met0,Delora,Horizontal stable throughput,2020-09-26
r330-29oc,Ellis,Object-based intangible intranet,2020-08-04
m0a8-hxhb,Norbie,Configurable system-worthy support,2021-04-02
0e9s-9ziz,Tricia,Multi-channelled disintermediate standardization,2021-06-19
7zff-3vea,Andre,Advanced zero defect productivity,2020-10-31
4s50-u5k8,Avrit,Open-source multimedia archive,2020-11-29
e789-dw1c,Lovell,Compatible global functionalities,2021-05-26
82ux-fcg6,Yasmin,Progressive human-resource Graphic Interface,2021-05-15
geew-1osc,Philis,Secured optimizing application,2020-12-23
3fjk-557l,Melodie,Profit-focused coherent conglomeration,2021-01-26
47re-48um,Fawne,Grass-roots global access,2020-08-10
z1vv-14ve,Marta,Reactive bifurcated process improvement,2021-05-16
zybn-wdnp,Ailyn,Synergistic intangible hierarchy,2021-05-10
f3k9-v7qx,Elberta,Grass-roots non-volatile secured line,2020-09-08
58qi-8js4,Cristi,Profit-focused bandwidth-monitored toolset,2020-12-25
mlyz-fky0,Egan,Seamless zero tolerance capacity,2021-01-25
3lon-bhnk,Carr,Multi-layered national installation,2020-11-08
qtyl-f28m,Arman,Versatile empowering firmware,2021-01-07
a61p-sdex,Nerty,Persevering methodical Graphic Interface,2021-05-11
22lx-4c2u,Hallie,Reduced asymmetric customer loyalty,2021-02-03
j6tg-j8ya,Beverley,De-engineered scalable paradigm,2021-06-20
t170-47t1,Lydon,Persistent web-enabled budgetary management,2021-02-23
x2ig-a0di,Olenka,Multi-layered high-level system engine,2020-11-07
4zqh-8umj,Cross,Profit-focused leading edge infrastructure,2021-07-03
tnt5-iwfh,Lana,Optimized object-oriented orchestration,2021-06-15
ik8w-885j,Eda,Streamlined web-enabled firmware,2020-12-29
o92v-ce8v,Merilyn,Quality-focused tangible definition,2021-02-16
gbt6-jupm,Douglas,Right-sized non-volatile model,2021-07-03
87lm-4l17,Emmalyn,Quality-focused encompassing local area network,2020-07-22
32bn-bd5s,Ogdan,Cross-group bi-directional model,2021-06-15
s9vn-gndy,Toddie,Triple-buffered system-worthy analyzer,2020-10-18
mimz-1r5f,Denver,Streamlined asymmetric structure,2020-09-25
c2iq-u05g,Far,Decentralized hybrid structure,2021-01-05
vops-ejjt,Wood,Synergized methodical synergy,2020-09-07
r25w-oglx,Lilia,Virtual zero tolerance firmware,2020-12-09
53nx-3tdm,Larina,Open-source mobile collaboration,2020-08-08
r5j1-4aze,Crissie,Expanded scalable installation,2021-06-19
whe9-jwb4,Otis,Configurable interactive definition,2020-11-02
48ab-7e4b,Frederik,Monitored contextually-based ability,2021-02-08
z70d-i00r,Elwira,User-friendly reciprocal intranet,2020-12-11
jtij-8tef,Charmane,Stand-alone exuding forecast,2020-12-28
9soi-cqwz,Almeta,Compatible mobile strategy,2020-10-25
84p0-zgcv,Brandtr,Triple-buffered incremental hierarchy,2020-08-05
zbk2-41qq,Shelby,Streamlined empowering complexity,2021-03-31
6lud-zngp,Tracy,Operative responsive superstructure,2021-03-17
bciw-mpu6,Kerianne,Digitized multimedia toolset,2020-09-28
e0oz-ebm3,Michel,Ergonomic object-oriented implementation,2021-04-22
zqcv-j3ck,Gonzalo,Intuitive system-worthy functionalities,2020-09-15
vhxo-dvtn,Terence,Re-contextualized multi-tasking standardization,2020-08-08
mmoa-45sf,Ranique,Assimilated mobile migration,2020-10-08
8xzw-12ki,Jameson,Networked intermediate middleware,2021-01-27
drwb-zgq1,Corny,Self-enabling object-oriented definition,2021-03-12
nmr8-5h7p,Iona,Pre-emptive hybrid orchestration,2020-12-03
prwf-bw02,Asa,Optimized impactful parallelism,2020-11-22
