username,password,email,created_on,last_login
Hervey,Iq6ujk0Kh,hhoulridge0@odnoklassniki.ru,2020-10-14,2021-05-03
Frankie,HYeVAx,fbotwright1@geocities.jp,2020-12-28,2021-07-20
Mignon,El1FtRTgk,mbeany2@wp.com,2020-07-31,2021-07-15
Phillida,8rgJZF0f,pcowton3@reference.com,2020-11-08,2021-06-10
Cindee,IIHlZzIK1ta,cguillon4@abc.net.au,2021-01-29,2021-07-21
Electra,02Ci8OY1ubpU,ecahalan5@cornell.edu,2021-03-15,2021-06-08
Sherrie,7ufqf1XCCIb,sroo6@phoca.cz,2020-11-08,2021-05-22
Abbe,EuwldrCEugFt,aiglesia7@earthlink.net,2021-03-16,2021-07-04
Bendicty,FFNaejSBL,bwoofinden8@github.io,2021-04-17,2021-04-24
Rene,68G25A,rgreenstock9@imgur.com,2020-10-11,2021-04-29
tDiddyPop,696969,goDaddyO@definingdecade.com,2021-07-22,2021-07-22
