user_id,text,date
2,Synergized zero administration budgetary management,2020-08-03
3,Customer-focused bottom-line internet solution,2021-01-14
4,Optional system-worthy budgetary management,2020-12-18
5,Optimized fault-tolerant implementation,2021-06-09
6,Secured real-time intranet,2021-02-11
7,Expanded tangible collaboration,2021-06-03
8,Advanced static website,2021-03-16
9,Persistent demand-driven Graphical User Interface,2021-02-26
10,Seamless multi-tasking structure,2020-10-11
11,Inverse zero administration moratorium,2020-11-26
12,Thinkin bout my best bud,2021-07-21

